{"accuracy": [0.7303933501243591, 0.8755103349685669, 0.9221850633621216, 0.942158043384552, 0.9577637314796448, 0.9658724069595337, 0.9720748066902161, 0.9755316972732544, 0.9802119731903076, 0.9822177886962891], "loss": [0.8634702563285828, 0.3894767165184021, 0.24467456340789795, 0.17601458728313446, 0.13145379722118378, 0.10624662786722183, 0.08748658001422882, 0.07487430423498154, 0.06601110100746155, 0.05591171607375145], "val_accuracy": [0.8699635863304138, 0.9185067415237427, 0.9377418756484985, 0.9445139765739441, 0.9583427906036377, 0.9574891924858093, 0.9693261981010437, 0.9652856588363647, 0.9734236001968384, 0.9714318513870239], "val_loss": [0.4170966148376465, 0.24586975574493408, 0.1987743079662323, 0.17209719121456146, 0.12671072781085968, 0.14140228927135468, 0.09962218254804611, 0.11085271835327148, 0.09010922908782959, 0.09678313881158829]}